'id','file_name','uploaded_time','uuid','uploadedby_id','success','message','path','loading','size','model_type'
8352,QVBBQyBTZXJpYWwgaW4gTk9WTyBtYXN0ZXIgZmlsZSgyKS54bHN4_10042024100525.xlsx,2024-04-10 10:05:28.281,'3965f268-eca6-4671-88a8-5fd71fe5d5e0',1,true,,uploadFiles/product/QVBBQyBTZXJpYWwgaW4gTk9WTyBtYXN0ZXIgZmlsZSgyKS54bHN4_10042024100525.xlsx,false,854215,6
8353,UHJvZHVjdCBGY3N0IGRpbWVuc2lvbiAyMDIzXzAyXzI0Lnhsc3g=_10042024100804.xlsx,2024-04-10 10:08:05.459,f2bbd3f1-7983-4c5e-a724-6ce1ecf73acc,1,true,,uploadFiles/product/UHJvZHVjdCBGY3N0IGRpbWVuc2lvbiAyMDIzXzAyXzI0Lnhsc3g=_10042024100804.xlsx,false,534277,15
8752,S0UyNCBBUCAyMDI0XzAxICgxKS54bHN4_10042024155425.xlsx,2024-04-10 15:54:32.723,d651be2b-1bab-4d02-b895-98cceeaff344,1,true,,uploadFiles/booking_fpa/S0UyNCBBUCAyMDI0XzAxICgxKS54bHN4_10042024155425.xlsx,false,4210016,4
9102,UlYgQVNJQSAyMDIzIHYxLjEtMi54bHN4_11042024085957.xlsx,2024-04-11 09:00:07.740,bab2ac83-6ea7-4163-9872-23bf0b30a9e3,1,true,,uploadFiles/residual_value/UlYgQVNJQSAyMDIzIHYxLjEtMi54bHN4_11042024085957.xlsx,false,1295645,14
8402,UHJvZHVjdCBGY3N0IGRpbWVuc2lvbiAyMDIzXzAyXzI0Lnhsc3g=_10042024101052.xlsx,2024-04-10 10:10:53.723,c77a7c33-1611-4c09-9314-6571568cb908,1,true,,uploadFiles/product/UHJvZHVjdCBGY3N0IGRpbWVuc2lvbiAyMDIzXzAyXzI0Lnhsc3g=_10042024101052.xlsx,false,534277,15
8403,QVBBQyBTZXJpYWwgaW4gTk9WTyBtYXN0ZXIgZmlsZSgyKS54bHN4_10042024101231.xlsx,2024-04-10 10:12:33.997,'48dfb36f-d4b8-44be-a9b0-c9e0d3b44a11',1,true,,uploadFiles/product/QVBBQyBTZXJpYWwgaW4gTk9WTyBtYXN0ZXIgZmlsZSgyKS54bHN4_10042024101231.xlsx,false,854215,6
8802,Qk9PS0VEIE9SREVSUyBPY3QgRmluYWwgdGVzdCAyMDIzLnhsc3g=_10042024162555.xlsx,2024-04-10 16:25:56.233,cdf07206-ac40-42cd-96ed-5e9d6b6b1548,1,true,,uploadFiles/booked/Qk9PS0VEIE9SREVSUyBPY3QgRmluYWwgdGVzdCAyMDIzLnhsc3g=_10042024162555.xlsx,false,5853,1
8452,QVBBQyBTZXJpYWwgaW4gTk9WTyBtYXN0ZXIgZmlsZSgyKS54bHN4_10042024104703.xlsx,2024-04-10 10:47:06.423,'06d885b6-cce2-4a35-aaef-8483a8c38490',1,true,,uploadFiles/product/QVBBQyBTZXJpYWwgaW4gTk9WTyBtYXN0ZXIgZmlsZSgyKS54bHN4_10042024104703.xlsx,false,854215,6
8453,UHJvZHVjdCBGY3N0IGRpbWVuc2lvbiAyMDIzXzAyXzI0Lnhsc3g=_10042024104727.xlsx,2024-04-10 10:47:28.217,e2529251-6eea-4d0e-8746-817e28a8399a,1,true,,uploadFiles/product/UHJvZHVjdCBGY3N0IGRpbWVuc2lvbiAyMDIzXzAyXzI0Lnhsc3g=_10042024104727.xlsx,false,534277,15
8454,QVBBQyBTZXJpYWwgaW4gTk9WTyAyMDIzIG1hc3RlciBmaWxlLnhsc3g=_10042024104843.xlsx,2024-04-10 10:48:45.881,'3a599a73-7bdb-4405-aa1a-3a198d8f0d34',1,true,,uploadFiles/product/QVBBQyBTZXJpYWwgaW4gTk9WTyAyMDIzIG1hc3RlciBmaWxlLnhsc3g=_10042024104843.xlsx,false,769169,6
8852,Q29zdF9EYXRhXzExXzE5XzIwMjNfMTFfMDFfMzcgZmFrZS54bHN4_10042024172355.xlsx,2024-04-10 17:23:55.694,'1dbcc6b0-6610-44dc-b12f-89da0aaa18eb',1,true,,uploadFiles/booked/Q29zdF9EYXRhXzExXzE5XzIwMjNfMTFfMDFfMzcgZmFrZS54bHN4_10042024172355.xlsx,false,50674,3
8502,Qk9PS0VEIE9SREVSUyBPY3QgRmluYWwgdGVzdCAyMDIzLnhsc3g=_10042024110744.xlsx,2024-04-10 11:07:44.851,'60f1c2b7-eb7e-4e2a-8eca-d2ac1ea917de',1,true,,uploadFiles/booked/Qk9PS0VEIE9SREVSUyBPY3QgRmluYWwgdGVzdCAyMDIzLnhsc3g=_10042024110744.xlsx,false,5853,1
8503,Q29zdF9EYXRhXzExXzE5XzIwMjNfMTFfMDFfMzcgZmFrZS54bHN4_10042024110852.xlsx,2024-04-10 11:08:52.552,'0f0cc466-5fbc-42b4-83f3-8918dd65bd04',1,true,,uploadFiles/booked/Q29zdF9EYXRhXzExXzE5XzIwMjNfMTFfMDFfMzcgZmFrZS54bHN4_10042024110852.xlsx,false,50674,1
8902,QVBBQyBTZXJpYWwgaW4gTk9WTyBtYXN0ZXIgZmlsZSgyKS54bHN4_10042024180059.xlsx,2024-04-10 18:01:02.359,'00bd6390-f708-4df8-a74d-4b17a7edbf91',1,true,,uploadFiles/product/QVBBQyBTZXJpYWwgaW4gTk9WTyBtYXN0ZXIgZmlsZSgyKS54bHN4_10042024180059.xlsx,false,854215,6
8903,UHJvZHVjdCBGY3N0IGRpbWVuc2lvbiAyMDIzXzAyXzI0Lnhsc3g=_10042024180251.xlsx,2024-04-10 18:02:52.454,debb61a4-c7ba-4818-8933-9d2428353a77,1,true,,uploadFiles/product/UHJvZHVjdCBGY3N0IGRpbWVuc2lvbiAyMDIzXzAyXzI0Lnhsc3g=_10042024180251.xlsx,false,534277,15
8904,QVBBQyBTZXJpYWwgaW4gTk9WTyAyMDIzIG1hc3RlciBmaWxlLnhsc3g=_10042024180307.xlsx,2024-04-10 18:03:09.712,b8ca80bd-dba9-4c40-b2d3-628ef7660c85,1,true,,uploadFiles/product/QVBBQyBTZXJpYWwgaW4gTk9WTyAyMDIzIG1hc3RlciBmaWxlLnhsc3g=_10042024180307.xlsx,false,769169,6
8552,Q29zdF9EYXRhXzExXzE5XzIwMjNfMTFfMDFfMzcgZmFrZS54bHN4_10042024111159.xlsx,2024-04-10 11:12:00.148,'4e11f902-d193-4146-9206-880741bb3f7a',1,true,,uploadFiles/booked/Q29zdF9EYXRhXzExXzE5XzIwMjNfMTFfMDFfMzcgZmFrZS54bHN4_10042024111159.xlsx,false,50674,3
8553,Q29zdF9EYXRhXzExXzE5XzIwMjNfMTFfMDFfMzcgZmFrZS54bHN4_10042024111229.xlsx,2024-04-10 11:12:29.956,eade70ef-9cf5-4b0e-8d6c-cc779b422a41,1,true,,uploadFiles/booked/Q29zdF9EYXRhXzExXzE5XzIwMjNfMTFfMDFfMzcgZmFrZS54bHN4_10042024111229.xlsx,false,50674,3
8952,UlYgQVNJQSAyMDIzIHYxLjEtMi54bHN4_10042024184547.xlsx,2024-04-10 18:45:47.823,b65b39c0-ec71-4c97-9f72-04de3d2f38bc,1,false,,uploadFiles/residual_value/UlYgQVNJQSAyMDIzIHYxLjEtMi54bHN4_10042024184547.xlsx,true,1295645,14
8954,UlYgQVNJQSAyMDIzIHYxLjEtMi54bHN4_10042024184734.xlsx,2024-04-10 18:47:34.785,'17bb54a1-9a80-451f-8971-dbe8ec2e5d9d',1,false,,uploadFiles/residual_value/UlYgQVNJQSAyMDIzIHYxLjEtMi54bHN4_10042024184734.xlsx,true,1295645,14
8602,Q29zdF9EYXRhXzExXzE5XzIwMjNfMTFfMDFfMzcgZmFrZS54bHN4_10042024111249.xlsx,2024-04-10 11:12:50.300,ed094f80-0d73-43a2-9c5b-2e874e50a93e,1,true,,uploadFiles/booked/Q29zdF9EYXRhXzExXzE5XzIwMjNfMTFfMDFfMzcgZmFrZS54bHN4_10042024111249.xlsx,false,50674,3
8603,Q29zdF9EYXRhXzExXzE5XzIwMjNfMTFfMDFfMzcgZmFrZS54bHN4_10042024111348.xlsx,2024-04-10 11:13:48.769,'842b0d66-2b3c-4f1f-a2f3-0a1003436949',1,true,,uploadFiles/booked/Q29zdF9EYXRhXzExXzE5XzIwMjNfMTFfMDFfMzcgZmFrZS54bHN4_10042024111348.xlsx,false,50674,3
8604,Q29zdF9EYXRhXzExXzE5XzIwMjNfMTFfMDFfMzcgZmFrZS54bHN4_10042024111349.xlsx,2024-04-10 11:13:49.671,'7288ac5f-bb8e-4f57-b17e-547acfd33bed',1,true,,uploadFiles/booked/Q29zdF9EYXRhXzExXzE5XzIwMjNfMTFfMDFfMzcgZmFrZS54bHN4_10042024111349.xlsx,false,50674,3
8605,Q29zdF9EYXRhXzExXzE5XzIwMjNfMTFfMDFfMzcgZmFrZS54bHN4_10042024111350.xlsx,2024-04-10 11:13:50.486,'70826788-bfae-4615-a85a-fe1d9ce0141c',1,true,,uploadFiles/booked/Q29zdF9EYXRhXzExXzE5XzIwMjNfMTFfMDFfMzcgZmFrZS54bHN4_10042024111350.xlsx,false,50674,3
8953,Qk9PS0VEIE9SREVSUyBPY3QgRmluYWwgdGVzdCAyMDIzLnhsc3g=_10042024184644.xlsx,2024-04-10 18:46:44.962,a18ffa19-27c1-4b41-9111-73cc5582fa26,1,true,,uploadFiles/booked/Qk9PS0VEIE9SREVSUyBPY3QgRmluYWwgdGVzdCAyMDIzLnhsc3g=_10042024184644.xlsx,false,5853,1
8652,U0FQIEtFMjQgKHNoaXBtZW50IGRhdGEpIChjb3B5KS54bHN4_10042024112107.xlsx,2024-04-10 11:21:09.872,c65b102d-10ab-486d-bdf4-efa3f5f4078e,1,true,,uploadFiles/shipment/U0FQIEtFMjQgKHNoaXBtZW50IGRhdGEpIChjb3B5KS54bHN4_10042024112107.xlsx,false,641852,5
9002,UlYgQVNJQSAyMDIzIHYxLjEtMi54bHN4_10042024184835.xlsx,2024-04-10 18:48:35.687,f3663f0e-d5f7-42e2-a1e5-53aa03b1a621,1,false,,uploadFiles/residual_value/UlYgQVNJQSAyMDIzIHYxLjEtMi54bHN4_10042024184835.xlsx,true,1295645,14
9003,UlYgQVNJQSAyMDIzIHYxLjEtMi54bHN4_10042024184857.xlsx,2024-04-10 18:48:57.705,f9d74c03-6635-456a-ac30-01dd1a8316d1,1,false,,uploadFiles/residual_value/UlYgQVNJQSAyMDIzIHYxLjEtMi54bHN4_10042024184857.xlsx,true,1295645,14
4402,XzIwMjQtMTA2NjI5N19leGFtcGxlX25ld3F1b3RlIEhZTSAoMSkueGxzeA==_19032024104711.xlsx,2024-03-19 10:47:11.827,'524b1472-3221-41fb-8d1d-1a0e762c5019',1,true,,/uploadFiles/novo/XzIwMjQtMTA2NjI5N19leGFtcGxlX25ld3F1b3RlIEhZTSAoMSkueGxzeA==_19032024104711.xlsx,false,19437,11
252,U0FQIEtFMjQgMjAyMy5YTFNY_17012024094558.xlsx,2024-01-17 09:45:58.964,'6bf9b770-9a69-4f26-b973-731eb950127c',1,false,,,false,0,
352,U0FQIEtFMjQgMjAyMy5YTFNY_17012024151432.xlsx,2024-01-17 15:14:32.666,'99b9e423-4f7b-4d80-9e5e-92c41dd35559',1,false,,,false,0,
402,U0FQIEtFMjQgMjAyMy5YTFNY_17012024083410.xlsx,2024-01-17 08:34:10.747,'34d4adbc-ed00-487a-bc32-d0ba6932f28b',1,false,,,false,0,
403,U0FQIEtFMjQgMjAyMy5YTFNY_17012024101844.xlsx,2024-01-17 10:18:44.259,'328dad73-21f2-4029-a978-6f16854fd6b6',1,false,,,false,0,
4652,U05fQVVELnhsc3g=_20032024094445.xlsx,2024-03-20 09:44:46.386,'768456e3-df29-4c4d-9c41-bdc2eb5c5389',1,true,,/uploadFiles/novo/U05fQVVELnhsc3g=_20032024094445.xlsx,false,57769,11
4952,U05fQVVELnhsc3g=_20032024110711.xlsx,2024-03-20 11:07:11.321,'86ccfb4d-639a-4c7d-b525-5246e409dba4',1,true,,/uploadFiles/novo/U05fQVVELnhsc3g=_20032024110711.xlsx,false,57769,11
5102,XzIwMjMtMTA0MjA2MF9WaXNtYXJrLVAyLjBVVCAoY29weSkueGxzeA==_21032024111428.xlsx,2024-03-21 11:14:28.527,'669f0dd4-1432-41fc-bf2e-5848159813ec',1,false,'class java.util.HashMap$KeySet cannot be cast to class java.util.List (java.util.HashMap$KeySet and java.util.List are in module java.base of loader ''bootstrap'')',uploadFiles/novo/XzIwMjMtMTA0MjA2MF9WaXNtYXJrLVAyLjBVVCAoY29weSkueGxzeA==_21032024111428.xlsx,false,675366,11
5402,XzIwMjMtMTA0MjA2MF9WaXNtYXJrLVAyLjBVVC54bHN4_21032024160633.xlsx,2024-03-21 16:06:34.270,'27df63bf-e2df-472b-8672-d3b966d94632',1,true,,uploadFiles/novo/XzIwMjMtMTA0MjA2MF9WaXNtYXJrLVAyLjBVVC54bHN4_21032024160633.xlsx,false,800139,11
5403,XzIwMjMtMTA0MjA2MF9WaXNtYXJrLVAyLjBVVCAoY29weSkueGxzeA==_21032024160641.xlsx,2024-03-21 16:06:41.556,'794b9d39-366a-4570-bb74-1cfec35d55d1',1,true,,uploadFiles/novo/XzIwMjMtMTA0MjA2MF9WaXNtYXJrLVAyLjBVVCAoY29weSkueGxzeA==_21032024160641.xlsx,false,675365,11
5404,XzIwMjMtMTA0MjA2MF9WaXNtYXJrLVAyLjBVVCAoY29weSkueGxzeA==_21032024160713.xlsx,2024-03-21 16:07:13.823,'1f270e4a-b93b-4c7f-b3b9-855156c45d00',1,true,,uploadFiles/novo/XzIwMjMtMTA0MjA2MF9WaXNtYXJrLVAyLjBVVCAoY29weSkueGxzeA==_21032024160713.xlsx,false,675365,11
5405,XzIwMjMtMTA0MjA2MF9WaXNtYXJrLVAyLjBVVCAoY29weSkueGxzeA==_21032024160722.xlsx,2024-03-21 16:07:22.137,a22fb155-6c45-4c75-b8a7-c370112980b2,1,true,,uploadFiles/novo/XzIwMjMtMTA0MjA2MF9WaXNtYXJrLVAyLjBVVCAoY29weSkueGxzeA==_21032024160722.xlsx,false,675365,11
5652,XzIwMjMtMTA0MjA2MF9WaXNtYXJrLVAyLjBVVCAoY29weSkueGxzeA==_21032024162559.xlsx,2024-03-21 16:25:59.520,'2c19f514-2f45-49fd-bf61-d29b14d5404e',1,false,Cannot get a NUMERIC value from a STRING cell,uploadFiles/novo/XzIwMjMtMTA0MjA2MF9WaXNtYXJrLVAyLjBVVCAoY29weSkueGxzeA==_21032024162559.xlsx,false,675419,11
5952,XzIwMjMtMTA0MjA2MF9WaXNtYXJrLVAyLjBVVCAoY29weSkueGxzeA==_21032024170027.xlsx,2024-03-21 17:00:27.501,'8767c480-a2af-4a7e-bc7e-5bab49aa2ed3',1,false,,uploadFiles/novo/XzIwMjMtMTA0MjA2MF9WaXNtYXJrLVAyLjBVVCAoY29weSkueGxzeA==_21032024170027.xlsx,true,675419,11
6252,XzIwMjMtMTA0MjA2MF9WaXNtYXJrLVAyLjBVVCAoY29weSkueGxzeA==_21032024174438.xlsx,2024-03-21 17:44:38.554,'114c95a9-aaf2-4fd2-bf2c-6d21c3fd96a4',1,false,,uploadFiles/novo/XzIwMjMtMTA0MjA2MF9WaXNtYXJrLVAyLjBVVCAoY29weSkueGxzeA==_21032024174438.xlsx,true,675419,11
6253,XzIwMjMtMTA0MjA2MF9WaXNtYXJrLVAyLjBVVCAoY29weSkueGxzeA==_21032024174454.xlsx,2024-03-21 17:44:54.362,'3a7af863-627f-4036-a410-7559a4594ca8',1,false,,uploadFiles/novo/XzIwMjMtMTA0MjA2MF9WaXNtYXJrLVAyLjBVVCAoY29weSkueGxzeA==_21032024174454.xlsx,true,675419,11
3652,/tmp/uploadFiles/XzIwMjQtMTA2NjI5N19leGFtcGxlX25ld3F1b3RlIEhZTSAoMSkueGxzeA==_05032024144155511.xlsx,2024-03-05 14:41:55.535,'477043eb-5394-4e04-87aa-5def83b84685',1,false,,,false,0,
6254,XzIwMjMtMTA0MjA2MF9WaXNtYXJrLVAyLjBVVCAoY29weSkueGxzeA==_21032024174500.xlsx,2024-03-21 17:45:00.994,'28e93753-d38d-47f4-85b2-8dbc4f836a10',1,false,,uploadFiles/novo/XzIwMjMtMTA0MjA2MF9WaXNtYXJrLVAyLjBVVCAoY29weSkueGxzeA==_21032024174500.xlsx,true,675419,11
3802,XzIwMjQtMTA2NjI5N19leGFtcGxlX25ld3F1b3RlIEhZTSAoMSkueGxzeA==_11032024135538.xlsx,2024-03-11 13:55:39.129,'9b6f6a7b-cb03-4832-8dbb-5e330dd551ab',1,true,,/uploadFilesnovo/XzIwMjQtMTA2NjI5N19leGFtcGxlX25ld3F1b3RlIEhZTSAoMSkueGxzeA==_11032024135538.xlsx,false,0,11
4052,VVNEIEFVRCBNYXJnaW4gQW5hbHlzaXMgVGVtcGxhdGUgTWFjcm9fT2N0ICAyMDIzIFJldi54bHNi_11032024142529.xlsx,2024-03-11 14:26:36.887,'472454bb-5331-4e07-86f8-57181d07d4c9',1,true,,/uploadFiles/macro/VVNEIEFVRCBNYXJnaW4gQW5hbHlzaXMgVGVtcGxhdGUgTWFjcm9fT2N0ICAyMDIzIFJldi54bHNi_11032024142529.xlsx,false,0,
4302,VVNEIEFVRCBNYXJnaW4gQW5hbHlzaXMgVGVtcGxhdGUgTWFjcm9fTWFyIDIwMjQueGxzYg==_13032024153513.xlsx,2024-03-13 15:35:28.613,'45884260-2e74-4df5-8a19-a35ac26bb83c',1,true,,/uploadFiles/macro/VVNEIEFVRCBNYXJnaW4gQW5hbHlzaXMgVGVtcGxhdGUgTWFjcm9fTWFyIDIwMjQueGxzYg==_13032024153513.xlsx,false,0,
404,U0FQIEtFMjQgMjAyMy5YTFNY_17012024103425.xlsx,2024-01-17 10:34:25.095,'25905e91-003c-40e3-a1e0-2343c88a2008',1,false,,,false,0,
902,RVhDREVDMjAyMy54bHN4_05022024140310.xlsx,2024-02-05 14:03:10.037,'013c1e83-f341-4c20-a85a-2f8ddde2b9bd',1,false,,,false,0,
903,RVhDREVDMjAyMy54bHN4_05022024140706.xlsx,2024-02-05 14:07:06.873,cdf4d3c5-63d1-4af1-9ed8-587b6a6ffdc7,1,false,,,false,0,
904,RVhDREVDMjAyMy54bHN4_05022024140719.xlsx,2024-02-05 14:07:19.540,c26eb17d-6098-416b-8b11-35e4e18a87de,1,false,,,false,0,
905,RVhDSkFOMjAyNC54bHN4_05022024140726.xlsx,2024-02-05 14:07:26.545,e5c42e28-bbde-4999-9e4c-c56704104fbd,1,false,,,false,0,
906,RVhDU0VQMjAyMy54bHN4_05022024140744.xlsx,2024-02-05 14:07:44.719,cf3e1d65-05a9-4ff9-aaa2-2165c78fd0cf,1,false,,,false,0,
4452,XzIwMjQtMTA0NjE3NV9DS1JYVDFYSDI1WFRSRU5ULnhsc3g=_19032024172731.xlsx,2024-03-19 17:27:31.908,dfd14365-1576-4d84-bcc6-cb7073ea3245,1,true,,/uploadFiles/novo/XzIwMjQtMTA0NjE3NV9DS1JYVDFYSDI1WFRSRU5ULnhsc3g=_19032024172731.xlsx,false,769489,11
4702,U05fQVVELnhsc3g=_20032024100047.xlsx,2024-03-20 10:00:47.833,'444148f1-1e52-4c20-8baa-66aa0ccdf5e6',1,true,,/uploadFiles/novo/U05fQVVELnhsc3g=_20032024100047.xlsx,false,57769,11
5002,XzIwMjQtMTA0NjE3NV9DS1JYVDFYSDI1WFRSRU5ULnhsc3g=_20032024162027.xlsx,2024-03-20 16:20:27.188,'6efc6e8c-d5e4-45b7-af48-a0ed1acc4d98',1,true,,/uploadFiles/forecast_pricing/XzIwMjQtMTA0NjE3NV9DS1JYVDFYSDI1WFRSRU5ULnhsc3g=_20032024162027.xlsx,false,662123,12
5152,XzIwMjMtMTA0MjA2MF9WaXNtYXJrLVAyLjBVVCAoY29weSkueGxzeA==_21032024111620.xlsx,2024-03-21 11:16:20.827,ece3c213-d21c-42b3-a891-4bef3c52e989,1,false,Missing column [Quote Number:],uploadFiles/novo/XzIwMjMtMTA0MjA2MF9WaXNtYXJrLVAyLjBVVCAoY29weSkueGxzeA==_21032024111620.xlsx,false,675366,11
5153,XzIwMjMtMTA0MjA2MF9WaXNtYXJrLVAyLjBVVC54bHN4_21032024112504.xlsx,2024-03-21 11:25:04.372,'5964593f-83e8-4823-98e5-ff4ad3109ae6',1,true,,uploadFiles/novo/XzIwMjMtMTA0MjA2MF9WaXNtYXJrLVAyLjBVVC54bHN4_21032024112504.xlsx,false,800139,11
5406,XzIwMjMtMTA0MjA2MF9WaXNtYXJrLVAyLjBVVCAoY29weSkueGxzeA==_21032024160830.xlsx,2024-03-21 16:08:31.018,a31df129-00e2-42af-a825-0f585ba3f753,1,true,,uploadFiles/novo/XzIwMjMtMTA0MjA2MF9WaXNtYXJrLVAyLjBVVCAoY29weSkueGxzeA==_21032024160830.xlsx,false,675401,11
1063,RVhDREVDMjAyMy54bHN4_06022024113018.xlsx,2024-02-06 11:30:18.370,'87917ca1-24cc-4c2e-8d71-f42b5120239a',1,false,,,false,0,
5702,XzIwMjMtMTA0MjA2MF9WaXNtYXJrLVAyLjBVVCAoY29weSkueGxzeA==_21032024162710.xlsx,2024-03-21 16:27:10.313,'97cba264-10c5-4487-94ce-b5ebbc277f0d',1,false,Cannot get a NUMERIC value from a STRING cell,uploadFiles/novo/XzIwMjMtMTA0MjA2MF9WaXNtYXJrLVAyLjBVVCAoY29weSkueGxzeA==_21032024162710.xlsx,false,675419,11
6002,XzIwMjMtMTA0MjA2MF9WaXNtYXJrLVAyLjBVVCAoY29weSkueGxzeA==_21032024170114.xlsx,2024-03-21 17:01:14.803,'385eafb2-713d-4650-9392-8bbf63e86fd2',1,false,,uploadFiles/novo/XzIwMjMtMTA0MjA2MF9WaXNtYXJrLVAyLjBVVCAoY29weSkueGxzeA==_21032024170114.xlsx,true,675419,11
6302,XzIwMjMtMTA0MjA2MF9WaXNtYXJrLVAyLjBVVCAoY29weSkueGxzeA==_21032024174631.xlsx,2024-03-21 17:46:31.627,'7dacad7c-1b30-4eb1-9605-20959cd93cd6',1,false,,uploadFiles/novo/XzIwMjMtMTA0MjA2MF9WaXNtYXJrLVAyLjBVVCAoY29weSkueGxzeA==_21032024174631.xlsx,true,675419,11
6502,XzIwMjMtMTA0MjA2MF9WaXNtYXJrLVAyLjBVVCAoY29weSkueGxzeA==_25032024092316.xlsx,2024-03-25 09:23:16.807,'1201639f-dd5e-4aa5-b079-33bd0550db11',1,false,,uploadFiles/novo/XzIwMjMtMTA0MjA2MF9WaXNtYXJrLVAyLjBVVCAoY29weSkueGxzeA==_25032024092316.xlsx,true,675419,11
6702,XzIwMjMtMTA0MjA2MF9WaXNtYXJrLVAyLjBVVCAoY29weSkueGxzeA==_25032024095342.xlsx,2024-03-25 09:53:42.164,bea4964a-f57b-4289-9068-65cefb449213,1,false,,uploadFiles/novo/XzIwMjMtMTA0MjA2MF9WaXNtYXJrLVAyLjBVVCAoY29weSkueGxzeA==_25032024095342.xlsx,true,675419,11
6852,XzIwMjMtMTA0MjA2MF9WaXNtYXJrLVAyLjBVVCAoY29weSkueGxzeA==_25032024100221.xlsx,2024-03-25 10:02:21.029,'293a1863-39aa-459b-869c-cc5f1b83851e',1,false,Incorrect format of Cell 5:3,uploadFiles/novo/XzIwMjMtMTA0MjA2MF9WaXNtYXJrLVAyLjBVVCAoY29weSkueGxzeA==_25032024100221.xlsx,false,675419,11
7002,U2NyZWVuc2hvdCBmcm9tIDIwMjQtMDMtMjUgMDktNTktMzQucG5n_25032024103117.xlsx,2024-03-25 10:31:17.763,'67a0ba25-7d31-45b4-860d-e67e115f1168',9,false,Invalid file format: U2NyZWVuc2hvdCBmcm9tIDIwMjQtMDMtMjUgMDktNTktMzQucG5n_25032024103117.xlsx is not Excel,uploadFiles/novo/U2NyZWVuc2hvdCBmcm9tIDIwMjQtMDMtMjUgMDktNTktMzQucG5n_25032024103117.xlsx,false,87170,11
7152,RVhDREVDMjAyMy54bHN4_25032024112210.xlsx,2024-03-25 11:22:10.299,ed39515a-bbcb-4a7b-adc0-ed5c5100f921,1,false,Incorrect format of Cell 1:4,uploadFiles/exchange_rate/RVhDREVDMjAyMy54bHN4_25032024112210.xlsx,false,769760,7
7252,RVhDREVDMjAyMy54bHN4_25032024112407.xlsx,2024-03-25 11:24:09.887,'928924aa-24ee-4661-9300-540fc5b7e392',1,true,,uploadFiles/exchange_rate/RVhDREVDMjAyMy54bHN4_25032024112407.xlsx,false,769760,7
7352,RVhDREVDMjAyMy54bHN4_25032024112605.xlsx,2024-03-25 11:26:08.387,'1d709847-de9d-4733-ba1f-b80411d8cc43',1,true,,uploadFiles/exchange_rate/RVhDREVDMjAyMy54bHN4_25032024112605.xlsx,false,769760,7
7452,XzIwMjMtMTA0MjA2MF9WaXNtYXJrLVAyLjBVVCAoY29weSkueGxzeA==_25032024112816.xlsx,2024-03-25 11:28:16.175,ad635df5-fb9c-4d96-b153-221fecda3ecf,1,false,'Invalid file name: ''_2023-1042060_Vismark-P2.0UT (copy).xlsx''',uploadFiles/exchange_rate/XzIwMjMtMTA0MjA2MF9WaXNtYXJrLVAyLjBVVCAoY29weSkueGxzeA==_25032024112816.xlsx,false,675419,7
7453,RVhDREVDMjAyMy54bHN4_25032024113155.xlsx,2024-03-25 11:31:55.384,e2c10965-27f3-40d3-a96c-c63fae7ff420,1,false,,uploadFiles/exchange_rate/RVhDREVDMjAyMy54bHN4_25032024113155.xlsx,true,778805,7
4303,VVNEIEFVRCBNYXJnaW4gQW5hbHlzaXMgVGVtcGxhdGUgTWFjcm9fTWFyIDIwMjQueGxzYg==_13032024154456.xlsx,2024-03-13 15:45:28.576,'17655cdf-1325-412b-9bca-b12f27e0cf2f',1,true,,/uploadFiles/macro/VVNEIEFVRCBNYXJnaW4gQW5hbHlzaXMgVGVtcGxhdGUgTWFjcm9fTWFyIDIwMjQueGxzYg==_13032024154456.xlsx,false,0,
4304,XzIwMjQtMTA2NjI5N19leGFtcGxlX25ld3F1b3RlIEhZTSAoMSkueGxzeA==_13032024154709.xlsx,2024-03-13 15:47:09.464,'2ec2c8ad-cc48-4573-8deb-6e760837aea5',1,true,,/uploadFiles/novo/XzIwMjQtMTA2NjI5N19leGFtcGxlX25ld3F1b3RlIEhZTSAoMSkueGxzeA==_13032024154709.xlsx,false,0,11
4305,XzIwMjQtMTA2NjI5N19leGFtcGxlX25ld3F1b3RlIEhZTSAoMSkueGxzeA==_13032024160218.xlsx,2024-03-13 16:02:18.251,'33ae4a47-3442-475c-ba1b-cc535dabdb10',1,true,,/uploadFiles/novo/XzIwMjQtMTA2NjI5N19leGFtcGxlX25ld3F1b3RlIEhZTSAoMSkueGxzeA==_13032024160218.xlsx,false,0,11
3653,/tmp/uploadFiles/XzIwMjQtMTA2NjI5N19leGFtcGxlX25ld3F1b3RlIEhZTSAoMSkueGxzeA==_05032024145230099.xlsx,2024-03-05 14:52:30.100,c6ba9dc9-4d20-4e72-9a6d-bbdd1af82da4,1,false,,,false,0,
3703,Qk9PS0VEIE9SREVSUyBBdWcgRmluYWwgMjAyMy54bHN4_05032024165834.xlsx,2024-03-05 16:59:00.982,a1310f26-42ae-4d2c-bd47-887b084cd7a5,1,true,,,false,0,1
3753,/tmp/uploadFiles/XzIwMjQtMTA2NjI5N19leGFtcGxlX25ld3F1b3RlIEhZTSAoMSkueGxzeA==_06032024145041564.xlsx,2024-03-06 14:50:41.566,ab8ddf33-4b93-4359-a350-3dcc2fc24af8,1,false,,,false,0,
4502,XzIwMjQtMTA0NjE3NV9DS1JYVDFYSDI1WFRSRU5ULnhsc3g=_19032024174009.xlsx,2024-03-19 17:40:09.823,aada1f15-b357-4e23-91a0-d52c3ff4e82d,1,true,,/uploadFiles/novo/XzIwMjQtMTA0NjE3NV9DS1JYVDFYSDI1WFRSRU5ULnhsc3g=_19032024174009.xlsx,false,769489,11
4752,VVNEIEFVRCBNYXJnaW4gQW5hbHlzaXMgVGVtcGxhdGUgTWFjcm9fTWFyIDIwMjQueGxzYg==_20032024100309.xlsx,2024-03-20 10:04:52.240,'6d4e71f0-191c-4753-b3a3-a4ab37e3e539',1,true,,/uploadFiles/macro/VVNEIEFVRCBNYXJnaW4gQW5hbHlzaXMgVGVtcGxhdGUgTWFjcm9fTWFyIDIwMjQueGxzYg==_20032024100309.xlsx,false,17534252,
5003,XzIwMjMtMTA0MjA2MF9WaXNtYXJrLVAyLjBVVC54bHN4_20032024162037.xlsx,2024-03-20 16:20:37.645,faa8a042-3bcd-4cc0-9196-90cf218cea16,1,true,,/uploadFiles/forecast_pricing/XzIwMjMtMTA0MjA2MF9WaXNtYXJrLVAyLjBVVC54bHN4_20032024162037.xlsx,false,800139,12
5202,XzIwMjMtMTA0MjA2MF9WaXNtYXJrLVAyLjBVVC54bHN4_21032024112532.xlsx,2024-03-21 11:25:33.087,'0e256571-000a-4018-a9e4-ddde2375b327',1,true,,uploadFiles/novo/XzIwMjMtMTA0MjA2MF9WaXNtYXJrLVAyLjBVVC54bHN4_21032024112532.xlsx,false,800139,11
5203,XzIwMjMtMTA0MjA2MF9WaXNtYXJrLVAyLjBVVCAoY29weSkueGxzeA==_21032024112819.xlsx,2024-03-21 11:28:19.064,'916c13de-7ed6-424d-8118-3991a776db1d',1,true,,uploadFiles/novo/XzIwMjMtMTA0MjA2MF9WaXNtYXJrLVAyLjBVVCAoY29weSkueGxzeA==_21032024112819.xlsx,false,675365,11
5452,XzIwMjMtMTA0MjA2MF9WaXNtYXJrLVAyLjBVVCAoY29weSkueGxzeA==_21032024161229.xlsx,2024-03-21 16:12:29.413,'7f3e8a94-50c7-4949-88b1-c0b085c0dc70',1,false,Missing column [Quote Number:],uploadFiles/novo/XzIwMjMtMTA0MjA2MF9WaXNtYXJrLVAyLjBVVCAoY29weSkueGxzeA==_21032024161229.xlsx,false,675401,11
5752,XzIwMjMtMTA0MjA2MF9WaXNtYXJrLVAyLjBVVCAoY29weSkueGxzeA==_21032024162743.xlsx,2024-03-21 16:27:43.223,'0bc13728-c0f0-46ff-bdac-9055d0d0d02f',1,false,Cannot get a NUMERIC value from a STRING cell,uploadFiles/novo/XzIwMjMtMTA0MjA2MF9WaXNtYXJrLVAyLjBVVCAoY29weSkueGxzeA==_21032024162743.xlsx,false,675419,11
6052,XzIwMjMtMTA0MjA2MF9WaXNtYXJrLVAyLjBVVCAoY29weSkueGxzeA==_21032024171151.xlsx,2024-03-21 17:11:51.375,f5f7c99c-bb2d-4980-a023-d015ecaa618c,1,false,,uploadFiles/novo/XzIwMjMtMTA0MjA2MF9WaXNtYXJrLVAyLjBVVCAoY29weSkueGxzeA==_21032024171151.xlsx,true,675419,11
6352,XzIwMjMtMTA0MjA2MF9WaXNtYXJrLVAyLjBVVCAoY29weSkueGxzeA==_21032024175104.xlsx,2024-03-21 17:51:04.134,'167e75a9-1880-4195-b315-c3fa3668bce9',1,false,,uploadFiles/novo/XzIwMjMtMTA0MjA2MF9WaXNtYXJrLVAyLjBVVCAoY29weSkueGxzeA==_21032024175104.xlsx,true,675419,11
6552,XzIwMjMtMTA0MjA2MF9WaXNtYXJrLVAyLjBVVCAoY29weSkueGxzeA==_25032024094730.xlsx,2024-03-25 09:47:30.313,'9764e37e-2140-4cd6-a6be-08b17b2a0015',1,false,,uploadFiles/novo/XzIwMjMtMTA0MjA2MF9WaXNtYXJrLVAyLjBVVCAoY29weSkueGxzeA==_25032024094730.xlsx,true,675419,11
6752,XzIwMjMtMTA0MjA2MF9WaXNtYXJrLVAyLjBVVCAoY29weSkueGxzeA==_25032024095540.xlsx,2024-03-25 09:55:40.435,'3c826e3a-1bd0-4f6e-aaab-9507b93f1d9a',1,false,,uploadFiles/novo/XzIwMjMtMTA0MjA2MF9WaXNtYXJrLVAyLjBVVCAoY29weSkueGxzeA==_25032024095540.xlsx,true,675419,11
502,MDEuIEJvb2tpbmdzIFJlZ2lzdGVyIC0gU2VwIC0yMDIzIChKYXNvbikueGxzeA==_23012024025950.xlsx,2024-01-23 02:59:50.343,e4940b40-050b-4a37-94e8-5b8e1c74b6b1,1,false,,,false,0,
503,MDEuIEJvb2tpbmdzIFJlZ2lzdGVyIC0gRGVjIC0yMDIzIChKYXNvbikueGxzeA==_23012024035355.xlsx,2024-01-23 03:53:55.777,dab1cf0b-1dc5-443c-9c44-a9b7cf0a1d79,1,false,,,false,0,
504,MDEuIEJvb2tpbmdzIFJlZ2lzdGVyIC0gTm92IC0yMDIyIChKYXNvbikueGxzeA==_23012024035455.xlsx,2024-01-23 03:54:55.235,'37e8f272-b2ae-4849-b82e-5bf3b218608f',1,false,,,false,0,
552,MDEuIEJvb2tpbmdzIFJlZ2lzdGVyIC0gRGVjIC0yMDIzIChKYXNvbikueGxzeA==_23012024042314.xlsx,2024-01-23 04:23:14.810,'8ecc7aa2-5fc9-4017-add3-0c8eba396539',1,false,,,false,0,
556,MDEuIEJvb2tpbmdzIFJlZ2lzdGVyIC0gRGVjIC0yMDIzIChKYXNvbikueGxzeA==_23012024043832.xlsx,2024-01-23 04:38:32.311,b256d210-8b98-4827-b904-5121319ade50,1,false,,,false,0,
6902,XzIwMjMtMTA0MjA2MF9WaXNtYXJrLVAyLjBVVCAoY29weSkueGxzeA==_25032024100758.xlsx,2024-03-25 10:07:58.289,'5c2affd1-ddf4-4536-a4f1-4689b90afd39',1,false,,uploadFiles/novo/XzIwMjMtMTA0MjA2MF9WaXNtYXJrLVAyLjBVVCAoY29weSkueGxzeA==_25032024100758.xlsx,true,675419,11
557,MDEuIEJvb2tpbmdzIFJlZ2lzdGVyIC0gRGVjIC0yMDIzIChKYXNvbikueGxzeA==_23012024044056.xlsx,2024-01-23 04:40:56.140,ef710a83-eb55-4922-b16b-6598dbb6f68a,1,false,,,false,0,
7052,XzIwMjMtMTA0MjA2MF9WaXNtYXJrLVAyLjBVVC54bHN4_25032024104958.xlsx,2024-03-25 10:49:58.648,afa0dc00-e24e-4a2b-ad30-ecc4e004f077,9,true,,uploadFiles/novo/XzIwMjMtMTA0MjA2MF9WaXNtYXJrLVAyLjBVVC54bHN4_25032024104958.xlsx,false,800139,11
558,MDEuIEJvb2tpbmdzIFJlZ2lzdGVyIC0gU2VwdC0yMDIyIChKYXNvbikueGxzeA==_23012024044121.xlsx,2024-01-23 04:41:21.299,'634ad150-7ad3-4237-b370-de3eb25a9e9c',1,false,,,false,0,
559,MDEuIEJvb2tpbmdzIFJlZ2lzdGVyIC0gU2VwdC0yMDIyIChKYXNvbikueGxzeA==_23012024044135.xlsx,2024-01-23 04:41:35.557,d8d26854-49cc-4615-924f-679684d20b79,1,false,,,false,0,
7202,RVhDREVDMjAyMy54bHN4_25032024112340.xlsx,2024-03-25 11:23:40.998,dc6a35b2-f6af-4202-86b0-ea0d0f585c37,1,false,Incorrect format of Cell 4:1,uploadFiles/exchange_rate/RVhDREVDMjAyMy54bHN4_25032024112340.xlsx,false,769760,7
560,MDEuIEJvb2tpbmdzIFJlZ2lzdGVyIC0gTm92IC0yMDIyIChKYXNvbikueGxzeA==_23012024044149.xlsx,2024-01-23 04:41:49.619,'9b951c7d-d37e-49f1-8629-5631647be702',1,false,,,false,0,
3702,/tmp/uploadFiles/XzIwMjQtMTA2NjI5N19leGFtcGxlX25ld3F1b3RlIEhZTSAoMSkueGxzeA==_05032024162943473.xlsx,2024-03-05 16:29:43.502,cb61df9a-c920-4a3e-b532-9967ffdcb415,1,false,,,false,0,
3752,/tmp/uploadFiles/cG93ZXIgYmkgT2N0IDIzLnhsc3g=_06032024141221147.xlsx,2024-03-06 14:12:21.174,'83987986-9c7e-43c2-a381-9b79832b160c',1,false,,,false,0,
3902,import_files/competitor_pricing/Competitor Pricing Database.xlsx,2024-03-11 14:21:44.661,d5bd9b6a-8a1e-45a7-a200-44b0697b12c2,9,false,,,false,0,
7302,RVhDREVDMjAyMy54bHN4_25032024112505.xlsx,2024-03-25 11:25:05.799,'817cc84b-db3e-49f1-aee4-f331d3241cff',1,false,Incorrect format of Cell 4:1,uploadFiles/exchange_rate/RVhDREVDMjAyMy54bHN4_25032024112505.xlsx,false,769760,7
7402,XzIwMjMtMTA0MjA2MF9WaXNtYXJrLVAyLjBVVCAoY29weSkueGxzeA==_25032024112719.xlsx,2024-03-25 11:27:19.749,'872ed7f8-6d74-4fdb-b9d4-f16a955b47c6',1,false,,uploadFiles/exchange_rate/XzIwMjMtMTA0MjA2MF9WaXNtYXJrLVAyLjBVVCAoY29weSkueGxzeA==_25032024112719.xlsx,true,675419,7
7502,RVhDREVDMjAyMy54bHN4_25032024113231.xlsx,2024-03-25 11:32:31.668,c710e0c2-7a15-4dfc-b753-67ff3ca98c93,1,false,,uploadFiles/exchange_rate/RVhDREVDMjAyMy54bHN4_25032024113231.xlsx,true,778805,7
7552,RVhDREVDMjAyMy54bHN4_25032024113313.xlsx,2024-03-25 11:33:13.681,'53d4b284-65f3-4222-b161-e213a66b700e',1,false,Missing columnSummary Current Interlocking ,uploadFiles/exchange_rate/RVhDREVDMjAyMy54bHN4_25032024113313.xlsx,false,778805,7
7602,RVhDREVDMjAyMy54bHN4_25032024113411.xlsx,2024-03-25 11:34:11.828,'62bd68b4-9dda-4c04-9ce7-62538b107efb',1,false,'Not found sheet: ''Summary Current Interlocking''',uploadFiles/exchange_rate/RVhDREVDMjAyMy54bHN4_25032024113411.xlsx,false,778805,7
4552,XzIwMjQtMTA0NjE3NV9DS1JYVDFYSDI1WFRSRU5ULnhsc3g=_19032024174654.xlsx,2024-03-19 17:46:55.689,ac3e2b3f-2ac2-456f-b131-48ac12c97024,1,true,,/uploadFiles/novo/XzIwMjQtMTA0NjE3NV9DS1JYVDFYSDI1WFRSRU5ULnhsc3g=_19032024174654.xlsx,false,769489,11
4553,XzIwMjQtMTA0NjE3NV9DS1JYVDFYSDI1WFRSRU5ULnhsc3g=_19032024175304.xlsx,2024-03-19 17:53:04.161,'2f279eab-40a9-459a-9e14-712df19575c8',1,true,,/uploadFiles/novo/XzIwMjQtMTA0NjE3NV9DS1JYVDFYSDI1WFRSRU5ULnhsc3g=_19032024175304.xlsx,false,769489,11
4802,VVNEIEFVRCBNYXJnaW4gQW5hbHlzaXMgVGVtcGxhdGUgTWFjcm9fTWFyIDIwMjQueGxzYg==_20032024100732.xlsx,2024-03-20 10:09:07.391,'1735918e-5882-4f1e-bdf1-80f82683d2cf',1,true,,/uploadFiles/macro/VVNEIEFVRCBNYXJnaW4gQW5hbHlzaXMgVGVtcGxhdGUgTWFjcm9fTWFyIDIwMjQueGxzYg==_20032024100732.xlsx,false,17534252,
5052,XzIwMjMtMTA0MjA2MF9WaXNtYXJrLVAyLjBVVC54bHN4_20032024163708.xlsx,2024-03-20 16:37:09.258,a242b272-8694-4325-9151-6cca29a7f1f1,1,true,,uploadFiles/novo/XzIwMjMtMTA0MjA2MF9WaXNtYXJrLVAyLjBVVC54bHN4_20032024163708.xlsx,false,800139,11
553,MDEuIEJvb2tpbmdzIFJlZ2lzdGVyIC0gTm92IC0yMDIyIChKYXNvbikueGxzeA==_23012024042619.xlsx,2024-01-23 04:26:19.896,'5fc48da1-ddd3-47ac-be0f-7e3e2da392b4',1,false,,,false,0,
554,MDEuIEJvb2tpbmdzIFJlZ2lzdGVyIC0gRGVjIC0yMDIzIChKYXNvbikueGxzeA==_23012024043637.xlsx,2024-01-23 04:36:37.049,'1a72e1d5-f579-4c32-b4af-afd7db70a308',1,false,,,false,0,
555,MDEuIEJvb2tpbmdzIFJlZ2lzdGVyIC0gU2VwdC0yMDIyIChKYXNvbikueGxzeA==_23012024043747.xlsx,2024-01-23 04:37:47.909,'110d684f-e5e5-423e-9451-911a68506357',1,false,,,false,0,
1052,RVhDSlVMMjAyMy54bHN4_06022024105306.xlsx,2024-02-06 10:53:06.193,'192e0e39-9e61-4bd5-9953-2db44242556a',1,false,,,false,0,
1053,RVhDSlVMMjAyMy54bHN4_06022024105332.xlsx,2024-02-06 10:53:32.584,'2d4d244d-cd1f-464c-83e5-3c530238af03',1,false,,,false,0,
1054,RVhDSlVMMjAyMy54bHN4_06022024105450.xlsx,2024-02-06 10:54:50.154,'64515e87-2192-4372-85fd-a2fbb75c3272',1,false,,,false,0,
1055,RVhDSlVMMjAyMy54bHN4_06022024105537.xlsx,2024-02-06 10:55:37.642,'93510af1-f27c-4fd2-ac98-c3978be73340',1,false,,,false,0,
1056,RVhDSlVOMjAyMy54bHN4_06022024105615.xlsx,2024-02-06 10:56:15.875,'2f6dc1da-e58c-4d21-a1f0-c67cd3379e0a',1,false,,,false,0,
1057,RVhDQVVHMjAyMy54bHN4_06022024105640.xlsx,2024-02-06 10:56:40.283,'9f6c60be-9a92-4964-b822-4a32a959eaf7',1,false,,,false,0,
1058,RVhDTUFZMjAyMy54bHN4_06022024105702.xlsx,2024-02-06 10:57:02.658,'8a1c247a-9c47-48fe-89ea-c2142af5b9d1',1,false,,,false,0,
1059,RVhDQVBSMjAyMy54bHN4_06022024105712.xlsx,2024-02-06 10:57:12.924,beacf8a6-b9e0-4c95-8274-5db5d7065724,1,false,,,false,0,
1060,RVhDTUFSMjAyMy54bHN4_06022024105723.xlsx,2024-02-06 10:57:23.294,'75686e5a-b20f-46a3-9a8e-a46fb6af6e9a',1,false,,,false,0,
1061,RVhDRkVCMjAyMy54bHN4_06022024105731.xlsx,2024-02-06 10:57:31.406,'9117b154-6e1b-4554-8691-c63499c3bb16',1,false,,,false,0,
1062,RVhDSkFOMjAyMy54bHN4_06022024105835.xlsx,2024-02-06 10:58:35.380,'10a5fa69-7d0b-4a7a-a286-6da118819136',1,false,,,false,0,
5252,VVNEIEFVRCBNYXJnaW4gQW5hbHlzaXMgVGVtcGxhdGUgTWFjcm9fTWFyIDIwMjQueGxzYg==_21032024114944.xlsx,2024-03-21 11:51:27.273,'5eeffa90-2424-445f-b836-75aa601a66e4',1,true,,uploadFiles/macro/VVNEIEFVRCBNYXJnaW4gQW5hbHlzaXMgVGVtcGxhdGUgTWFjcm9fTWFyIDIwMjQueGxzYg==_21032024114944.xlsx,false,17534252,
5502,XzIwMjMtMTA0MjA2MF9WaXNtYXJrLVAyLjBVVCAoY29weSkueGxzeA==_21032024161300.xlsx,2024-03-21 16:13:00.446,'34c36a2f-22a4-4b45-99e9-903ae79e30fb',1,false,Missing column [Quote Number: ],uploadFiles/novo/XzIwMjMtMTA0MjA2MF9WaXNtYXJrLVAyLjBVVCAoY29weSkueGxzeA==_21032024161300.xlsx,false,675401,11
5802,XzIwMjMtMTA0MjA2MF9WaXNtYXJrLVAyLjBVVCAoY29weSkueGxzeA==_21032024163245.xlsx,2024-03-21 16:32:45.081,'8769dca6-6531-4184-b0c2-3bcfb0913382',1,false,Cannot get a NUMERIC value from a STRING cell,uploadFiles/novo/XzIwMjMtMTA0MjA2MF9WaXNtYXJrLVAyLjBVVCAoY29weSkueGxzeA==_21032024163245.xlsx,false,675419,11
6102,XzIwMjMtMTA0MjA2MF9WaXNtYXJrLVAyLjBVVCAoY29weSkueGxzeA==_21032024171301.xlsx,2024-03-21 17:13:01.608,'68ecc6db-9ef3-4bd4-82bd-f7f8eaf8c37a',1,false,,uploadFiles/novo/XzIwMjMtMTA0MjA2MF9WaXNtYXJrLVAyLjBVVCAoY29weSkueGxzeA==_21032024171301.xlsx,true,675419,11
6402,XzIwMjMtMTA0MjA2MF9WaXNtYXJrLVAyLjBVVCAoY29weSkueGxzeA==_21032024175803.xlsx,2024-03-21 17:58:03.040,'5670674d-4cb9-4ffd-bdb5-d28ccc3a6239',1,false,,uploadFiles/novo/XzIwMjMtMTA0MjA2MF9WaXNtYXJrLVAyLjBVVCAoY29weSkueGxzeA==_21032024175803.xlsx,true,675419,11
1064,RVhDT0NUMjAyMy54bHN4_06022024113221.xlsx,2024-02-06 11:32:21.833,a418e105-7bbd-4d15-b08f-72735a65739e,1,false,,,false,0,
6602,XzIwMjMtMTA0MjA2MF9WaXNtYXJrLVAyLjBVVCAoY29weSkueGxzeA==_25032024094849.xlsx,2024-03-25 09:48:49.021,'1c560086-836f-45f3-8bdb-8f5264f70339',1,false,,uploadFiles/novo/XzIwMjMtMTA0MjA2MF9WaXNtYXJrLVAyLjBVVCAoY29weSkueGxzeA==_25032024094849.xlsx,true,675419,11
6802,XzIwMjMtMTA0MjA2MF9WaXNtYXJrLVAyLjBVVCAoY29weSkueGxzeA==_25032024095626.xlsx,2024-03-25 09:56:26.145,'5ba5b00d-1253-49c4-aaaf-bf7abadcb106',1,false,Incorrect format of Cell5:3 ,uploadFiles/novo/XzIwMjMtMTA0MjA2MF9WaXNtYXJrLVAyLjBVVCAoY29weSkueGxzeA==_25032024095626.xlsx,false,675419,11
3852,XzIwMjQtMTA2NjI5N19leGFtcGxlX25ld3F1b3RlIEhZTSAoMSkueGxzeA==_11032024135626.xlsx,2024-03-11 13:56:27.156,'3f319564-af78-4042-9637-51bc380ec9e5',1,true,,/uploadFilesnovo/XzIwMjQtMTA2NjI5N19leGFtcGxlX25ld3F1b3RlIEhZTSAoMSkueGxzeA==_11032024135626.xlsx,false,0,11
3952,ZmFrZUV4Y2VsRmlsZS54bHN4_11032024142258.xlsx,2024-03-11 14:22:58.989,'86c51e21-384a-497d-a5a5-d1437ddcacea',9,false,Uploaded file is not an Excel file,/uploadFiles/exchange_rate/ZmFrZUV4Y2VsRmlsZS54bHN4_11032024142258.xlsx,false,0,7
6952,XzIwMjMtMTA0MjA2MF9WaXNtYXJrLVAyLjBVVCAoY29weSkueGxzeA==_25032024100826.xlsx,2024-03-25 10:08:26.449,'7d88f131-6a04-45a4-8a9e-15f228939fa5',1,false,Incorrect format of Cell 5:3,uploadFiles/novo/XzIwMjMtMTA0MjA2MF9WaXNtYXJrLVAyLjBVVCAoY29weSkueGxzeA==_25032024100826.xlsx,false,675419,11
1102,RVhDREVDMjAyMy54bHN4_06022024134420.xlsx,2024-02-06 13:44:20.230,'7b9d61db-f8b9-456e-b9a0-757a08789ef9',1,false,,,false,0,
1103,RVhDSkFOMjAyNC54bHN4_06022024134428.xlsx,2024-02-06 13:44:28.202,cc748d68-c934-4df6-86a7-ebd150c4043a,1,false,,,false,0,
1153,RVhDSkFOMjAyNC54bHN4_19022024113828.xlsx,2024-02-19 11:38:28.300,'6c2c330c-2d14-4c22-9943-539e20f6a749',1,false,,,false,0,
1154,RVhDSkFOMjAyNC54bHN4_19022024114035.xlsx,2024-02-19 11:40:35.968,'864855ac-844a-4a0c-8981-1f856a5c37af',1,false,,,false,0,
1161,UHJvZHVjdCBGY3N0IGRpbWVuc2lvbiAyMDIzXzAyXzI0Lnhsc3g=_19022024140919.xlsx,2024-02-19 14:09:19.787,'9aa3138e-9309-43e2-8ba1-95c9557fb4c6',1,false,,,false,0,
1162,UHJvZHVjdCBGY3N0IGRpbWVuc2lvbiAyMDIzXzAyXzI0Lnhsc3g=_19022024141059.xlsx,2024-02-19 14:10:59.359,c7075b0d-f5df-4eef-8c92-d1b5b3e2a1d6,1,false,,,false,0,
561,MDEuIEJvb2tpbmdzIFJlZ2lzdGVyIC0gT2N0LTIwMjIgKEphc29uKS54bHN4_23012024044245.xlsx,2024-01-23 04:42:45.227,'37320094-3068-4afa-9c95-9802cc759575',1,false,,,false,0,
562,MDEuIEJvb2tpbmdzIFJlZ2lzdGVyIC0gRGVjIC0yMDIzIChKYXNvbikueGxzeA==_23012024044506.xlsx,2024-01-23 04:45:06.011,f6fa9173-9e1a-4a14-b4e0-aaca502ffe98,1,false,,,false,0,
602,MDEuIEJvb2tpbmdzIFJlZ2lzdGVyIC0gT2N0LTIwMjIgKEphc29uKS54bHN4_23012024063636.xlsx,2024-01-23 06:36:36.741,c404f734-9d7b-40c0-b63e-baccdee6ed2a,1,false,,,false,0,
4102,VVNEIEFVRCBNYXJnaW4gQW5hbHlzaXMgVGVtcGxhdGUgTWFjcm9fRGVjIDIwMjMueGxzYg==_11032024144812.xlsx,2024-03-11 14:49:43.633,'381b0d2d-e1c9-4be2-9792-cd97f34ed510',1,true,,/uploadFiles/macro/VVNEIEFVRCBNYXJnaW4gQW5hbHlzaXMgVGVtcGxhdGUgTWFjcm9fRGVjIDIwMjMueGxzYg==_11032024144812.xlsx,false,0,
4103,U2NyZWVuc2hvdCBmcm9tIDIwMjQtMDMtMTEgMTEtMDMtNTUucG5n_11032024145243.xlsx,2024-03-11 14:52:43.412,fe358162-653a-4a74-acf0-be353673351c,9,false,Uploaded file is not an Excel file,/uploadFiles/macro/U2NyZWVuc2hvdCBmcm9tIDIwMjQtMDMtMTEgMTEtMDMtNTUucG5n_11032024145243.xlsx,false,0,
4306,VVNEIEFVRCBNYXJnaW4gQW5hbHlzaXMgVGVtcGxhdGUgTWFjcm9fTWFyIDIwMjQueGxzYg==_13032024160247.xlsx,2024-03-13 16:03:24.788,'00b7504e-b0e4-4db2-8154-1df957c78da1',1,true,,/uploadFiles/macro/VVNEIEFVRCBNYXJnaW4gQW5hbHlzaXMgVGVtcGxhdGUgTWFjcm9fTWFyIDIwMjQueGxzYg==_13032024160247.xlsx,false,0,
4307,XzIwMjQtMTA2NjI5N19leGFtcGxlX25ld3F1b3RlIEhZTSAoMSkueGxzeA==_13032024160332.xlsx,2024-03-13 16:03:32.527,ea4f616a-5c91-475c-a474-22b3c6e65e38,1,true,,/uploadFiles/novo/XzIwMjQtMTA2NjI5N19leGFtcGxlX25ld3F1b3RlIEhZTSAoMSkueGxzeA==_13032024160332.xlsx,false,0,11
4602,XzIwMjQtMTA0NjE3NV9DS1JYVDFYSDI1WFRSRU5ULnhsc3g=_19032024180048.xlsx,2024-03-19 18:00:48.835,'8bc970b3-7a40-45bb-a48a-25fbaea47856',1,true,,/uploadFiles/novo/XzIwMjQtMTA0NjE3NV9DS1JYVDFYSDI1WFRSRU5ULnhsc3g=_19032024180048.xlsx,false,769489,11
4603,XzIwMjQtMTA2NjI5N19leGFtcGxlX25ld3F1b3RlIEhZTSAoMSkueGxzeA==_19032024180219.xlsx,2024-03-19 18:02:19.415,'05e74e7b-7735-41f7-be8c-0f6d7a10fcb5',1,true,,/uploadFiles/novo/XzIwMjQtMTA2NjI5N19leGFtcGxlX25ld3F1b3RlIEhZTSAoMSkueGxzeA==_19032024180219.xlsx,false,19437,11
4852,XzIwMjQtMTA0NjE3NV9DS1JYVDFYSDI1WFRSRU5ULnhsc3g=_20032024102802.xlsx,2024-03-20 10:28:03.092,b856fb3e-ae1b-45f9-a7f3-6d808e447092,1,true,,/uploadFiles/novo/XzIwMjQtMTA0NjE3NV9DS1JYVDFYSDI1WFRSRU5ULnhsc3g=_20032024102802.xlsx,false,769489,11
5302,VVNEIEFVRCBNYXJnaW4gQW5hbHlzaXMgVGVtcGxhdGUgTWFjcm9fTWFyIDIwMjQueGxzYg==_21032024115210.xlsx,2024-03-21 11:53:50.527,f9f3c95d-8050-44e3-9691-d431bb7c4c6c,1,true,,uploadFiles/macro/VVNEIEFVRCBNYXJnaW4gQW5hbHlzaXMgVGVtcGxhdGUgTWFjcm9fTWFyIDIwMjQueGxzYg==_21032024115210.xlsx,false,17534252,
5552,XzIwMjMtMTA0MjA2MF9WaXNtYXJrLVAyLjBVVCAoY29weSkueGxzeA==_21032024161328.xlsx,2024-03-21 16:13:28.254,'6a853f6b-fb69-47c8-9fc2-49452ef9e371',1,false,Missing column [Quote Number],uploadFiles/novo/XzIwMjMtMTA0MjA2MF9WaXNtYXJrLVAyLjBVVCAoY29weSkueGxzeA==_21032024161328.xlsx,false,675401,11
5852,XzIwMjMtMTA0MjA2MF9WaXNtYXJrLVAyLjBVVCAoY29weSkueGxzeA==_21032024165034.xlsx,2024-03-21 16:50:34.667,f8329d7b-7c12-4200-b319-3106b6159ba3,1,false,,uploadFiles/novo/XzIwMjMtMTA0MjA2MF9WaXNtYXJrLVAyLjBVVCAoY29weSkueGxzeA==_21032024165034.xlsx,true,675419,11
6152,XzIwMjMtMTA0MjA2MF9WaXNtYXJrLVAyLjBVVCAoY29weSkueGxzeA==_21032024171331.xlsx,2024-03-21 17:13:31.186,'1473fe13-f5af-4ef8-a6f7-3073cc177f7a',1,false,,uploadFiles/novo/XzIwMjMtMTA0MjA2MF9WaXNtYXJrLVAyLjBVVCAoY29weSkueGxzeA==_21032024171331.xlsx,true,675419,11
6452,XzIwMjMtMTA0MjA2MF9WaXNtYXJrLVAyLjBVVCAoY29weSkueGxzeA==_21032024175846.xlsx,2024-03-21 17:58:46.341,cacec20a-fa7c-4a9a-883d-28b243805ad2,1,false,,uploadFiles/novo/XzIwMjMtMTA0MjA2MF9WaXNtYXJrLVAyLjBVVCAoY29weSkueGxzeA==_21032024175846.xlsx,true,675419,11
3654,/tmp/uploadFiles/XzIwMjQtMTA2NjI5N19leGFtcGxlX25ld3F1b3RlIEhZTSAoMSkueGxzeA==_05032024152020991.xlsx,2024-03-05 15:20:20.992,fb3beb5a-58b5-4bd4-9823-f3e38202bf57,1,false,,,false,0,
3704,U0FQIEtFMjQgMjAyMy5YTFNY_05032024172402.xlsx,2024-03-05 17:24:09.337,'4cd85043-4581-4b7b-8c08-ddace2970af1',1,true,,,false,0,5
3705,/tmp/uploadFiles/forecast_pricing/Rm9yZWNhc3QgRGF0YWJhc2UgRHluYW1pYyBQcmljaW5nLnhsc3g=_05032024172605.xlsx,2024-03-05 17:26:05.606,'784907d9-e2b8-4002-8a53-1388f6083c2c',1,false,,,false,0,
3903,U05fQVVELnhsc3g=_11032024142144.xlsx,2024-03-11 14:21:44.741,dc52f4a4-b8a1-44de-b62f-6c43c0bdfbce,9,false,,/uploadFiles/uploadFilesU05fQVVELnhsc3g=_11032024142144.xlsx,true,0,
4152,Rm9yZWNhc3QgRGF0YWJhc2UgRHluYW1pYyBQcmljaW5nLnhsc3g=_11032024153351.xlsx,2024-03-11 15:33:52.014,f41362bf-2b75-4dc0-9e25-c1a8757f1632,9,true,,/uploadFiles/forecast_pricing/Rm9yZWNhc3QgRGF0YWJhc2UgRHluYW1pYyBQcmljaW5nLnhsc3g=_11032024153351.xlsx,false,0,12
4153,Q29tcGV0aXRvciBQcmljaW5nIERhdGFiYXNlLnhsc3g=_11032024153608.xlsx,2024-03-11 15:36:12.587,'66c61f2d-2875-48b2-98ba-6c6af64c5a8a',9,true,,/uploadFiles/competitor/Q29tcGV0aXRvciBQcmljaW5nIERhdGFiYXNlLnhsc3g=_11032024153608.xlsx,false,0,8
4352,XzIwMjQtMTA2NjI5N19leGFtcGxlX25ld3F1b3RlIEhZTSAoMSkueGxzeA==_13032024160645.xlsx,2024-03-13 16:06:45.810,e0291aa9-fb83-4177-b7ad-de76143a0539,1,false,'400 BAD_REQUEST "File name is not in appropriate format"',/uploadFiles/macro/XzIwMjQtMTA2NjI5N19leGFtcGxlX25ld3F1b3RlIEhZTSAoMSkueGxzeA==_13032024160645.xlsx,false,0,
4353,VVNEIEFVRCBNYXJnaW4gQW5hbHlzaXMgVGVtcGxhdGUgTWFjcm9fTWFyIDIwMjQueGxzYg==_13032024160654.xlsx,2024-03-13 16:08:17.909,'625bc658-46c8-4ff0-9dc6-52751e81f121',1,true,,/uploadFiles/macro/VVNEIEFVRCBNYXJnaW4gQW5hbHlzaXMgVGVtcGxhdGUgTWFjcm9fTWFyIDIwMjQueGxzYg==_13032024160654.xlsx,false,0,
3706,UHJvZHVjdCBGY3N0IGRpbWVuc2lvbiAyMDIzXzAyXzI0Lnhsc3g=_05032024173030.xlsx,2024-03-05 17:30:30.821,'0f7b00a8-41f7-4a79-8156-261b8f1bc8a5',1,false,Cannot get a STRING value from a NUMERIC cell,,false,0,6
6453,XzIwMjMtMTA0MjA2MF9WaXNtYXJrLVAyLjBVVCAoY29weSkueGxzeA==_21032024175901.xlsx,2024-03-21 17:59:01.779,'2ea1f557-6879-4735-b42a-f757da8f174a',1,false,,uploadFiles/novo/XzIwMjMtMTA0MjA2MF9WaXNtYXJrLVAyLjBVVCAoY29weSkueGxzeA==_21032024175901.xlsx,true,675419,11
6652,XzIwMjMtMTA0MjA2MF9WaXNtYXJrLVAyLjBVVCAoY29weSkueGxzeA==_25032024095257.xlsx,2024-03-25 09:52:57.773,'78c843d3-23ee-48bf-9ef2-700a84f52b0a',1,false,,uploadFiles/novo/XzIwMjMtMTA0MjA2MF9WaXNtYXJrLVAyLjBVVCAoY29weSkueGxzeA==_25032024095257.xlsx,true,675419,11
3707,QVBBQyBTZXJpYWwgaW4gTk9WTyBtYXN0ZXIgZmlsZS54bHN4_05032024173039.xlsx,2024-03-05 17:30:40.088,fc94db81-b08a-434f-ac6b-700c24415271,1,true,,,false,0,6
4002,RVhDU0VQMjAyMy54bHN4_11032024142440.xlsx,2024-03-11 14:24:41.566,'92bfd2cb-9e4c-4b22-8e2f-1b66a067f801',1,true,,/uploadFiles/exchange_rate/RVhDU0VQMjAyMy54bHN4_11032024142440.xlsx,false,0,7
603,MDEuIEJvb2tpbmdzIFJlZ2lzdGVyIC0gTm92IC0yMDIyIChKYXNvbikueGxzeA==_23012024063744.xlsx,2024-01-23 06:37:44.003,'03d9b683-1bb8-4edd-a3c2-30379b64fd22',1,false,,,false,0,
6953,XzIwMjMtMTA0MjA2MF9WaXNtYXJrLVAyLjBVVC54bHN4_25032024101501.xlsx,2024-03-25 10:15:01.342,ece5c78a-1884-440e-b77b-2a607c6fa70c,1,true,,uploadFiles/novo/XzIwMjMtMTA0MjA2MF9WaXNtYXJrLVAyLjBVVC54bHN4_25032024101501.xlsx,false,800139,11
7102,RVhDREVDMjAyMy54bHN4_25032024112010.xlsx,2024-03-25 11:20:10.717,'3ce35034-0778-4060-ba94-ed3c275f3810',1,false,,uploadFiles/exchange_rate/RVhDREVDMjAyMy54bHN4_25032024112010.xlsx,true,769760,7
3953,RVhDU0VQMjAyMy54bHN4_11032024142259.xlsx,2024-03-11 14:23:01.816,'729656ef-c7a8-4177-801d-d35cbc106a6f',9,true,,/uploadFiles/exchange_rate/RVhDU0VQMjAyMy54bHN4_11032024142259.xlsx,false,0,7
3954,import_files/competitor_pricing/Competitor Pricing Database.xlsx,2024-03-11 14:23:05.151,ba294f00-9afa-4635-8b9f-4e1bec61fce2,9,false,,,false,0,
4202,Q29tcGV0aXRvciBQcmljaW5nIERhdGFiYXNlLnhsc3g=_11032024155601.xlsx,2024-03-11 15:56:07.239,'0ec4558d-9d1f-4e78-b9d8-91e455aab9b3',1,true,,/uploadFiles/competitor/Q29tcGV0aXRvciBQcmljaW5nIERhdGFiYXNlLnhsc3g=_11032024155601.xlsx,false,0,8
4252,Q29tcGV0aXRvciBQcmljaW5nIERhdGFiYXNlLnhsc3g=_11032024155933.xlsx,2024-03-11 15:59:40.285,'70d71979-31c8-4161-a534-10b75ce6863a',1,true,,/uploadFiles/competitor/Q29tcGV0aXRvciBQcmljaW5nIERhdGFiYXNlLnhsc3g=_11032024155933.xlsx,false,0,8
1169,U0FQIEtFMjQgKHNoaXBtZW50IGRhdGEpLnhsc3g=_19022024141556.xlsx,2024-02-19 14:15:56.088,'4fe3c07e-6dd5-4f23-bcce-69db4085940f',1,false,,,false,0,
1170,Qk9PS0VEIE9SREVSIE1heSBGaW5hbCAyMDIzLnhsc3g=_19022024142620.xlsx,2024-02-19 14:26:20.788,'4b456ee6-67a6-4ae1-bae3-989def3278d3',1,false,,,false,0,
1171,Qk9PS0VEIE9SREVSIE1heSBGaW5hbCAyMDIzLnhsc3g=_19022024142703.xlsx,2024-02-19 14:27:03.548,'83423491-5197-4374-8410-860e9cedbd76',1,false,,,false,0,
604,MDEuIEJvb2tpbmdzIFJlZ2lzdGVyIC0gTm92IC0yMDIyIChKYXNvbikueGxzeA==_23012024072439.xlsx,2024-01-23 07:24:39.794,ae8cf3b3-7ba2-46bc-9e91-ccab4c3a6818,1,false,,,false,0,
605,MDEuIEJvb2tpbmdzIFJlZ2lzdGVyIC0gTm92IC0yMDIyIChKYXNvbikueGxzeA==_23012024072715.xlsx,2024-01-23 07:27:15.898,cb91eab7-39ea-457b-8775-f31b7d23b7b4,1,false,,,false,0,
606,MDEuIEJvb2tpbmdzIFJlZ2lzdGVyIC0gT2N0LTIwMjIgKEphc29uKS54bHN4_23012024072905.xlsx,2024-01-23 07:29:05.597,'6393d6bd-d5b0-4040-828b-2bc056add3b0',1,false,,,false,0,
607,Qk9PS0VEIE9SREVSUyBTRVBURU1CRVIgMjAyMy54bHN4_23012024073003.xlsx,2024-01-23 07:30:03.229,bff2a3bf-a913-40cb-909b-6191afc6a783,1,false,,,false,0,
608,MDEuIEJvb2tpbmdzIFJlZ2lzdGVyIC0gT2N0LTIwMjIgKEphc29uKS54bHN4_23012024083223.xlsx,2024-01-23 08:32:23.019,e60f01b9-e94c-4558-b56a-6c06b195167e,1,false,,,false,0,
609,MDEuIEJvb2tpbmdzIFJlZ2lzdGVyIC0gSnVseS0yMDIyIChKYXNvbikueGxzeA==_24012024040134.xlsx,2024-01-24 04:01:34.482,'4cfdc0f5-bae9-4b8f-b00d-a5b9d3d0a60b',1,false,,,false,0,
652,U0FQIEtFMjQgMjAyMy5YTFNY_25012024083806.xlsx,2024-01-25 08:38:06.365,af206c2b-8e0d-405d-a0db-e2a378452f9c,1,false,,,false,0,
702,MDEuQm9va2luZyBSZWdpc3RlciAtIFNlcCAtMjAyMyBGaW5hbCAoSmFzb24pIC54bHN4_25012024091605.xlsx,2024-01-25 09:16:05.687,ace9acab-0b6d-4806-8bb4-510c68b913d9,1,false,,,false,0,
1163,Qk9PS0VEIE9SREVSIE1heSBGaW5hbCAyMDIzLnhsc3g=_19022024141417.xlsx,2024-02-19 14:14:17.056,'88c6b86b-3c64-4376-b1a4-e1e85d4ffb12',1,false,,,false,0,
1167,UHJvZHVjdCBGY3N0IGRpbWVuc2lvbiAyMDIzXzAyXzI0Lnhsc3g=_19022024141554.xlsx,2024-02-19 14:15:54.516,'6eda5196-bb80-4494-815e-de91ec4367b3',1,false,,,false,0,
1168,RVhDSkFOMjAyNC54bHN4_19022024141555.xlsx,2024-02-19 14:15:55.160,'913b25a3-103f-4823-89b4-dcf24956f849',1,false,,,false,0,
1175,UHJvZHVjdCBGY3N0IGRpbWVuc2lvbiAyMDIzXzAyXzI0Lnhsc3g=_19022024142839.xlsx,2024-02-19 14:28:39.839,'700f43a6-2ecc-4cef-af55-2d8f20d5a2c3',1,false,,,false,0,
1176,RVhDSkFOMjAyNC54bHN4_19022024142840.xlsx,2024-02-19 14:28:40.323,bee3f0b0-8239-44f4-8e98-b0cb50fed43d,1,false,,,false,0,
1177,U0FQIEtFMjQgKHNoaXBtZW50IGRhdGEpLnhsc3g=_19022024142841.xlsx,2024-02-19 14:28:41.152,df311744-13e4-418c-8986-1797eda93fd0,1,false,,,false,0,
2402,Qk9PS0VEIE9SREVSUyBEZWMgMjAyMy54bHN4_26022024155015.xlsx,2024-02-26 15:50:18.848,'2acf6da0-1fb1-4ecb-a9fa-a16397757ce3',9,false,,,false,0,
1403,QVBBQyBTZXJpYWwgaW4gTk9WTyBtYXN0ZXIgZmlsZS54bHN4_20022024150022.xlsx,2024-02-20 15:00:22.799,e7c58708-5d13-4cb0-87f0-516dce57c511,1,false,,,false,0,
1652,Qk9PS0VEIE9SREVSIE1heSBGaW5hbCAyMDIzLnhsc3g=_20022024173125.xlsx,2024-02-20 17:31:25.849,ef948244-5cdc-4ce9-94c1-9bee4c9b49e2,1,false,,,false,0,
1656,RVhDSkFOMjAyNC54bHN4_20022024173258.xlsx,2024-02-20 17:32:58.085,'5af487d6-c717-4746-98eb-fbc38d26b5fb',1,false,,,false,0,
1657,U0FQIEtFMjQgKHNoaXBtZW50IGRhdGEpLnhsc3g=_20022024173259.xlsx,2024-02-20 17:32:59.016,f9dbcf57-8d07-4b71-9bbf-23100af01abc,1,false,,,false,0,
1753,Qk9PS0VEIE9SREVSUyBEZWMgMjAyMy54bHN4_22022024142257.xlsx,2024-02-22 14:22:57.513,dbceb560-4360-46d5-9ebd-4ea93e0e1d16,9,false,,,false,0,
4902,XzIwMjQtMTA0NjE3NV9DS1JYVDFYSDI1WFRSRU5ULnhsc3g=_20032024103603.xlsx,2024-03-20 10:36:03.723,a34744bf-2f14-4c66-b7b8-61b940dbf895,1,true,,/uploadFiles/novo/XzIwMjQtMTA0NjE3NV9DS1JYVDFYSDI1WFRSRU5ULnhsc3g=_20032024103603.xlsx,false,769489,11
4903,XzIwMjQtMTA0NjE3NV9DS1JYVDFYSDI1WFRSRU5ULnhsc3g=_20032024103807.xlsx,2024-03-20 10:38:07.255,a97056fc-1f50-493e-bad9-a90f8b82eb7e,1,true,,/uploadFiles/novo/XzIwMjQtMTA0NjE3NV9DS1JYVDFYSDI1WFRSRU5ULnhsc3g=_20032024103807.xlsx,false,662123,11
4904,XzIwMjMtMTA0MjA2MF9WaXNtYXJrLVAyLjBVVC54bHN4_20032024104029.xlsx,2024-03-20 10:40:29.138,'182efcae-5a49-4fff-b603-d4c66201f797',1,true,,/uploadFiles/novo/XzIwMjMtMTA0MjA2MF9WaXNtYXJrLVAyLjBVVC54bHN4_20032024104029.xlsx,false,800139,11
4905,XzIwMjMtMTA0MjA2MF9WaXNtYXJrLVAyLjBVVC54bHN4_20032024105111.xlsx,2024-03-20 10:51:11.931,'5fee95c1-2556-45c8-8491-be4982edba95',1,true,,/uploadFiles/novo/XzIwMjMtMTA0MjA2MF9WaXNtYXJrLVAyLjBVVC54bHN4_20032024105111.xlsx,false,800139,11
5352,XzIwMjMtMTA0MjA2MF9WaXNtYXJrLVAyLjBVVC54bHN4_21032024160553.xlsx,2024-03-21 16:05:53.955,bd77479e-bebb-444c-92de-eb5c92c2a0f2,1,false,Missing column [Quote Number: ],uploadFiles/novo/XzIwMjMtMTA0MjA2MF9WaXNtYXJrLVAyLjBVVC54bHN4_21032024160553.xlsx,false,800139,11
5353,XzIwMjMtMTA0MjA2MF9WaXNtYXJrLVAyLjBVVC54bHN4_21032024160601.xlsx,2024-03-21 16:06:01.572,'538a0bb5-f2c5-46ba-b0f0-088a21def6d6',1,false,Missing column [Quote Number: ],uploadFiles/novo/XzIwMjMtMTA0MjA2MF9WaXNtYXJrLVAyLjBVVC54bHN4_21032024160601.xlsx,false,800139,11
5602,XzIwMjMtMTA0MjA2MF9WaXNtYXJrLVAyLjBVVCAoY29weSkueGxzeA==_21032024161347.xlsx,2024-03-21 16:13:47.155,b7c32686-4b4e-44ca-946c-dce53a4363be,1,false,Missing column [Quote Number:],uploadFiles/novo/XzIwMjMtMTA0MjA2MF9WaXNtYXJrLVAyLjBVVCAoY29weSkueGxzeA==_21032024161347.xlsx,false,675401,11
5902,XzIwMjMtMTA0MjA2MF9WaXNtYXJrLVAyLjBVVCAoY29weSkueGxzeA==_21032024165545.xlsx,2024-03-21 16:55:45.340,'3758d9dd-4322-4b11-8f35-ce32f44044fc',1,false,,uploadFiles/novo/XzIwMjMtMTA0MjA2MF9WaXNtYXJrLVAyLjBVVCAoY29weSkueGxzeA==_21032024165545.xlsx,true,675419,11
6202,XzIwMjMtMTA0MjA2MF9WaXNtYXJrLVAyLjBVVCAoY29weSkueGxzeA==_21032024173419.xlsx,2024-03-21 17:34:19.167,ec5119e3-335d-44f2-8ea6-17fe8a483383,1,false,,uploadFiles/novo/XzIwMjMtMTA0MjA2MF9WaXNtYXJrLVAyLjBVVCAoY29weSkueGxzeA==_21032024173419.xlsx,true,675419,11
7652,XzIwMjMtMTA0MjA2MF9WaXNtYXJrLVAyLjBVVCAoY29weSkueGxzeA==_25032024142306.xlsx,2024-03-25 14:23:06.353,b84bb7ad-5b87-493e-8d3d-46ea1e2e5f94,1,false,Incorrect format of Cell 5:3,uploadFiles/novo/XzIwMjMtMTA0MjA2MF9WaXNtYXJrLVAyLjBVVCAoY29weSkueGxzeA==_25032024142306.xlsx,false,675419,11
7653,XzIwMjMtMTA0MjA2MF9WaXNtYXJrLVAyLjBVVCAoY29weSkueGxzeA==_25032024142330.xlsx,2024-03-25 14:23:31.010,e979f918-ee94-4672-a8cf-2eb41f06a846,1,true,,uploadFiles/novo/XzIwMjMtMTA0MjA2MF9WaXNtYXJrLVAyLjBVVCAoY29weSkueGxzeA==_25032024142330.xlsx,false,675402,11
7702,XzIwMjMtMTA0MjA2MF9WaXNtYXJrLVAyLjBVVCAoY29weSkueGxzeA==_25032024142433.xlsx,2024-03-25 14:24:33.928,c606856d-0617-414b-9fbc-a74dd9236b13,1,true,,uploadFiles/novo/XzIwMjMtMTA0MjA2MF9WaXNtYXJrLVAyLjBVVCAoY29weSkueGxzeA==_25032024142433.xlsx,false,675402,11
7752,Qk9PS0VEIE9SREVSUyBEZWMgMjAyMy54bHN4_03042024162604.xlsx,2024-04-03 16:26:04.697,'7f751c16-6d01-4951-b69f-2122ab5bd40c',1,false,,uploadFiles/novo/Qk9PS0VEIE9SREVSUyBEZWMgMjAyMy54bHN4_03042024162604.xlsx,true,18265,11
7802,Qk9PS0VEIE9SREVSUyBEZWMgMjAyMy54bHN4_03042024162858.xlsx,2024-04-03 16:28:58.117,'504f52c5-301b-46f0-a48b-710684100e36',1,false,,uploadFiles/novo/Qk9PS0VEIE9SREVSUyBEZWMgMjAyMy54bHN4_03042024162858.xlsx,true,18265,11
7803,R1VNX0FTTV9SZXBvcnRfMjAyNF9KYW4ueGxzeA==_03042024163030.xlsx,2024-04-03 16:30:30.173,'13f95c58-9d17-4e49-acd7-7a9c82b0034a',1,false,,uploadFiles/novo/R1VNX0FTTV9SZXBvcnRfMjAyNF9KYW4ueGxzeA==_03042024163030.xlsx,true,31623579,11
7804,Qk9PS0VEIE9SREVSUyBEZWMgMjAyMy54bHN4_03042024163045.xlsx,2024-04-03 16:30:45.816,fed3c003-8431-4225-ad8b-be9d10a2f8df,1,false,,uploadFiles/novo/Qk9PS0VEIE9SREVSUyBEZWMgMjAyMy54bHN4_03042024163045.xlsx,true,18265,11
7852,Qk9PS0VEIE9SREVSUyBEZWMgMjAyMy54bHN4_03042024163511.xlsx,2024-04-03 16:35:11.032,'82a6614a-4590-43a5-a45e-10dc12fb3501',1,false,'Missing column[Quote Number:, #, Series Code, Model Code, Part Number, Part Description, List Price, Net Price Each] ',uploadFiles/novo/Qk9PS0VEIE9SREVSUyBEZWMgMjAyMy54bHN4_03042024163511.xlsx,false,18265,11
7902,Qk9PS0VEIE9SREVSUyBEZWMgMjAyMy54bHN4_03042024163537.xlsx,2024-04-03 16:35:37.484,bea182d9-d625-4a2f-8b81-3fef366d8ba4,1,false,'Missing column [Quote Number:, #, Series Code, Model Code, Part Number, Part Description, List Price, Net Price Each]',uploadFiles/novo/Qk9PS0VEIE9SREVSUyBEZWMgMjAyMy54bHN4_03042024163537.xlsx,false,18265,11
7903,XzIwMjMtMTA0MjA2MF9WaXNtYXJrLVAyLjBVVCAoY29weSkueGxzeA==_03042024163547.xlsx,2024-04-03 16:35:47.494,'523de683-efce-4025-968b-4e6b62312597',1,true,,uploadFiles/novo/XzIwMjMtMTA0MjA2MF9WaXNtYXJrLVAyLjBVVCAoY29weSkueGxzeA==_03042024163547.xlsx,false,675402,11
7904,XzIwMjMtMTA0MjA2MF9WaXNtYXJrLVAyLjBVVC54bHN4_03042024163552.xlsx,2024-04-03 16:35:52.170,e298aa14-ab84-4e94-a7b7-30d9388bdb46,1,true,,uploadFiles/novo/XzIwMjMtMTA0MjA2MF9WaXNtYXJrLVAyLjBVVC54bHN4_03042024163552.xlsx,false,800139,11
7952,XzIwMjMtMTA0MjA2MF9WaXNtYXJrLVAyLjBVVCAoY29weSkueGxzeA==_05042024154444.xlsx,2024-04-05 15:44:44.376,'87da6a98-6a2b-4c97-a2a1-864962478f51',1,false,,uploadFiles/novo/XzIwMjMtMTA0MjA2MF9WaXNtYXJrLVAyLjBVVCAoY29weSkueGxzeA==_05042024154444.xlsx,true,675398,11
8002,XzIwMjMtMTA0MjA2MF9WaXNtYXJrLVAyLjBVVCAoY29weSkueGxzeA==_05042024155330.xlsx,2024-04-05 15:53:30.737,'5f3f43bc-a342-4699-a7fa-be349c26aa3b',1,false,,uploadFiles/novo/XzIwMjMtMTA0MjA2MF9WaXNtYXJrLVAyLjBVVCAoY29weSkueGxzeA==_05042024155330.xlsx,true,675398,11
8052,XzIwMjMtMTA0MjA2MF9WaXNtYXJrLVAyLjBVVCAoY29weSkueGxzeA==_05042024155516.xlsx,2024-04-05 15:55:16.560,'1f7214ec-3c97-4ce5-964b-1c330e873fe0',1,false,Incorrect format of Cell 4:3,uploadFiles/novo/XzIwMjMtMTA0MjA2MF9WaXNtYXJrLVAyLjBVVCAoY29weSkueGxzeA==_05042024155516.xlsx,false,675398,11
8053,R1VNX0FTTV9SZXBvcnRfMjAyNF9KYW4ueGxzeA==_05042024155536.xlsx,2024-04-05 15:55:36.786,fa7262be-ae8a-4134-8140-f378b2d28a25,1,false,,uploadFiles/macro/R1VNX0FTTV9SZXBvcnRfMjAyNF9KYW4ueGxzeA==_05042024155536.xlsx,true,31623579,
8102,R1VNX0FTTV9SZXBvcnRfMjAyNF9KYW4ueGxzeA==_05042024155839.xlsx,2024-04-05 15:58:39.615,f85a6214-3c8f-4e60-81e4-20a22261ff55,1,false,'Invalid file name: ''File name is not in appropriate format''',uploadFiles/macro/R1VNX0FTTV9SZXBvcnRfMjAyNF9KYW4ueGxzeA==_05042024155839.xlsx,false,31623579,
8152,R1VNX0FTTV9SZXBvcnRfMjAyNF9KYW4ueGxzeA==_05042024155922.xlsx,2024-04-05 15:59:22.668,'5ab45220-facb-4fe5-aaa9-66a23ff1a601',1,false,,uploadFiles/novo/R1VNX0FTTV9SZXBvcnRfMjAyNF9KYW4ueGxzeA==_05042024155922.xlsx,true,31623579,11
8153,XzIwMjMtMTA0MjA2MF9WaXNtYXJrLVAyLjBVVC54bHN4_05042024155941.xlsx,2024-04-05 15:59:41.386,c1c5c0e2-cca0-4795-a71d-2fab91f26dfd,1,true,,uploadFiles/novo/XzIwMjMtMTA0MjA2MF9WaXNtYXJrLVAyLjBVVC54bHN4_05042024155941.xlsx,false,800139,11
8154,R1VNX0FTTV9SZXBvcnRfMjAyNF9KYW4ueGxzeA==_05042024155959.xlsx,2024-04-05 15:59:59.683,aa4c8a1b-4682-4f47-8b10-16a636408575,1,false,'Invalid file name: ''GUM_ASM_Report_2024_Jan.xlsx''',uploadFiles/macro/R1VNX0FTTV9SZXBvcnRfMjAyNF9KYW4ueGxzeA==_05042024155959.xlsx,false,31623579,
8155,XzIwMjMtMTA0MjA2MF9WaXNtYXJrLVAyLjBVVC54bHN4_05042024160020.xlsx,2024-04-05 16:00:20.797,'42f20da5-3947-45bb-b0de-074449b8b24c',1,false,,uploadFiles/part/XzIwMjMtMTA0MjA2MF9WaXNtYXJrLVAyLjBVVC54bHN4_05042024160020.xlsx,true,800139,9
8202,XzIwMjMtMTA0MjA2MF9WaXNtYXJrLVAyLjBVVC54bHN4_05042024160222.xlsx,2024-04-05 16:02:22.633,'65a3a5b7-59ad-42b7-a96e-f30f9fc65b44',1,false,'Not found sheet: ''Export''',uploadFiles/part/XzIwMjMtMTA0MjA2MF9WaXNtYXJrLVAyLjBVVC54bHN4_05042024160222.xlsx,false,800139,9
8203,XzIwMjMtMTA0MjA2MF9WaXNtYXJrLVAyLjBVVCAoY29weSkueGxzeA==_05042024160249.xlsx,2024-04-05 16:02:49.827,e9e7de46-8710-446c-aec6-303195ccad76,1,false,,uploadFiles/exchange_rate/XzIwMjMtMTA0MjA2MF9WaXNtYXJrLVAyLjBVVCAoY29weSkueGxzeA==_05042024160249.xlsx,true,675398,7
8252,XzIwMjMtMTA0MjA2MF9WaXNtYXJrLVAyLjBVVC54bHN4_05042024160358.xlsx,2024-04-05 16:03:58.521,'72059707-f041-4a6c-bbae-f6c272c776db',1,false,,uploadFiles/exchange_rate/XzIwMjMtMTA0MjA2MF9WaXNtYXJrLVAyLjBVVC54bHN4_05042024160358.xlsx,true,800139,7
8302,XzIwMjMtMTA0MjA2MF9WaXNtYXJrLVAyLjBVVC54bHN4_05042024160510.xlsx,2024-04-05 16:05:10.013,'535b01d1-75c6-4110-8f9b-ed7d25a42ebe',1,false,'Invalid file name: ''_2023-1042060_Vismark-P2.0UT.xlsx''',uploadFiles/exchange_rate/XzIwMjMtMTA0MjA2MF9WaXNtYXJrLVAyLjBVVC54bHN4_05042024160510.xlsx,false,800139,7
8303,XzIwMjMtMTA0MjA2MF9WaXNtYXJrLVAyLjBVVC54bHN4_05042024160624.xlsx,2024-04-05 16:06:24.031,'2d4fceae-7efc-493c-9df2-2053bc4f0151',1,false,'Invalid file name: ''_2023-1042060_Vismark-P2.0UT.xlsx''',uploadFiles/exchange_rate/XzIwMjMtMTA0MjA2MF9WaXNtYXJrLVAyLjBVVC54bHN4_05042024160624.xlsx,false,800139,7
8304,XzIwMjMtMTA0MjA2MF9WaXNtYXJrLVAyLjBVVC54bHN4_05042024160659.xlsx,2024-04-05 16:06:59.807,cbc66b7b-19be-4730-a860-11dbad694ab8,1,false,'Invalid file name: ''_2023-1042060_Vismark-P2.0UT.xlsx''',uploadFiles/exchange_rate/XzIwMjMtMTA0MjA2MF9WaXNtYXJrLVAyLjBVVC54bHN4_05042024160659.xlsx,false,800139,7
8305,XzIwMjMtMTA0MjA2MF9WaXNtYXJrLVAyLjBVVC54bHN4_05042024160714.xlsx,2024-04-05 16:07:14.035,'8e339d37-33eb-461e-a1d8-41f4cf0e6647',1,false,'Invalid file name: ''_2023-1042060_Vismark-P2.0UT.xlsx''',uploadFiles/exchange_rate/XzIwMjMtMTA0MjA2MF9WaXNtYXJrLVAyLjBVVC54bHN4_05042024160714.xlsx,false,800139,7
8702,U0FQIEtFMjQgKHNoaXBtZW50IGRhdGEpIChjb3B5KS54bHN4_10042024114940.xlsx,2024-04-10 11:49:43.106,'92b2dd6f-1fd8-4029-b27b-26b4487f7581',1,true,,uploadFiles/shipment/U0FQIEtFMjQgKHNoaXBtZW50IGRhdGEpIChjb3B5KS54bHN4_10042024114940.xlsx,false,641852,5
9052,UlYgQVNJQSAyMDIzIHYxLjEtMi54bHN4_10042024185027.xlsx,2024-04-10 18:50:38.616,'37f6c200-27ae-4741-b6dc-ac3dde9e9d45',1,true,,uploadFiles/residual_value/UlYgQVNJQSAyMDIzIHYxLjEtMi54bHN4_10042024185027.xlsx,false,1295645,14
